{
  "segment": "Consumer",
  "order": [
    2,
    0,
    1
  ],
  "seasonal_order": [
    1,
    1,
    0,
    52
  ],
  "last_observed_week": "2022-12-26",
  "n_observations": 208,
  "metrics": {
    "train_size": 156,
    "test_size": 52,
    "mae": 29.9670768285359,
    "mse": 1684.1381585743975,
    "rmse": 41.03825238206907
  }
}